{
  "ALL": {
    "accuracy_n_rank": {
      "n_rows": 103,
      "n_pools": 26,
      "linear": 0.3747174052003731,
      "linear_aug": 0.2597591830761248,
      "rf200": 0.2322578172029921,
      "gbm": 0.2504224105071885
    },
    "ece_n_rank": {
      "n_rows": 104,
      "n_pools": 26,
      "linear": 0.3673658303320416,
      "linear_aug": 0.25923437868325283,
      "rf200": 0.45388627731208453,
      "gbm": 0.4108197702253349
    },
    "accuracy_best_of_n": {
      "n_rows": 128,
      "n_pools": 32,
      "linear": -0.30773672610888925,
      "linear_aug": -0.20153602267170423,
      "rf200": 0.5038450797899987,
      "gbm": 0.4692314522392471
    },
    "ece_best_of_n": {
      "n_rows": 128,
      "n_pools": 32,
      "linear": 0.35232681524304577,
      "linear_aug": 0.2343394247764773,
      "rf200": 0.5413071007279253,
      "gbm": 0.459757822878783
    }
  },
  "encoder_bert_roberta": {
    "accuracy_n_rank": {
      "n_rows": 55,
      "n_pools": 14,
      "linear": 0.46169031482642064,
      "linear_aug": 0.4616903148100071,
      "rf200": 0.03830845564516472,
      "gbm": -0.0136004601755646
    },
    "ece_n_rank": {
      "n_rows": 56,
      "n_pools": 14,
      "linear": 0.6728327222575535,
      "linear_aug": 0.6728327222575534,
      "rf200": 0.7985853300094031,
      "gbm": 0.8290499237319005
    },
    "accuracy_best_of_n": {
      "n_rows": 76,
      "n_pools": 19,
      "linear": -1.4536172161212892,
      "linear_aug": -1.4536172161350804,
      "rf200": -0.1274868610079054,
      "gbm": -0.04333671783489379
    },
    "ece_best_of_n": {
      "n_rows": 76,
      "n_pools": 19,
      "linear": 0.13510610459113603,
      "linear_aug": 0.13510610459484163,
      "rf200": 0.49672309377972046,
      "gbm": 0.5236310606641226
    }
  },
  "decoder_qwen": {
    "accuracy_n_rank": {
      "n_rows": 32,
      "n_pools": 8,
      "linear": -1.4767912999330925,
      "linear_aug": -1.4767912999354493,
      "rf200": -1.3547905879081594,
      "gbm": -1.481900508385145
    },
    "ece_n_rank": {
      "n_rows": 32,
      "n_pools": 8,
      "linear": -0.8739885414109381,
      "linear_aug": -0.8739885414100739,
      "rf200": -0.4657997403318661,
      "gbm": -0.5735503252396961
    },
    "accuracy_best_of_n": {
      "n_rows": 32,
      "n_pools": 8,
      "linear": -0.20487799545830554,
      "linear_aug": -0.20487799545827157,
      "rf200": -0.28795499449358974,
      "gbm": -0.5432632664930883
    },
    "ece_best_of_n": {
      "n_rows": 32,
      "n_pools": 8,
      "linear": 0.49990406739834037,
      "linear_aug": 0.4999040673983487,
      "rf200": 0.575533501845022,
      "gbm": 0.5030937873129836
    }
  },
  "decoder_llama": {
    "accuracy_n_rank": {
      "n_rows": 16,
      "n_pools": 4,
      "linear": -11.152739510995813,
      "linear_aug": -11.152739510995813,
      "rf200": -0.2777920613288152,
      "gbm": -0.3167045955443919
    },
    "ece_n_rank": {
      "n_rows": 16,
      "n_pools": 4,
      "linear": -23.324685736737038,
      "linear_aug": -23.324685736737038,
      "rf200": -0.5390995217451873,
      "gbm": -0.4979454270967594
    },
    "accuracy_best_of_n": {
      "n_rows": 16,
      "n_pools": 4,
      "linear": -9.82677832959968,
      "linear_aug": -9.82677832959968,
      "rf200": -1.2427190007604016,
      "gbm": -1.1299404943413167
    },
    "ece_best_of_n": {
      "n_rows": 16,
      "n_pools": 4,
      "linear": 0.5072502037017796,
      "linear_aug": 0.5072502037017796,
      "rf200": 0.5033746747738188,
      "gbm": 0.47210367704879264
    }
  },
  "all_decoder": {
    "accuracy_n_rank": {
      "n_rows": 48,
      "n_pools": 12,
      "linear": -3.3093160350970106,
      "linear_aug": -3.75556213782243,
      "rf200": -1.875526643368183,
      "gbm": -1.7810493405409025
    },
    "ece_n_rank": {
      "n_rows": 48,
      "n_pools": 12,
      "linear": -0.4797044142603277,
      "linear_aug": -1.209072561080772,
      "rf200": 0.12097210549613358,
      "gbm": 0.17172190952987276
    },
    "accuracy_best_of_n": {
      "n_rows": 48,
      "n_pools": 12,
      "linear": -0.06134328945557477,
      "linear_aug": 0.12835982521464062,
      "rf200": -0.17257173150138527,
      "gbm": -0.5438537536873636
    },
    "ece_best_of_n": {
      "n_rows": 48,
      "n_pools": 12,
      "linear": 0.5747120051183208,
      "linear_aug": 0.580310613605491,
      "rf200": 0.7868189786039377,
      "gbm": 0.7666213376867056
    }
  }
}