{
  "accuracy__vs__n_rank": {
    "ridge": 0.3037157267691062,
    "rf_50": -0.15631852310108285,
    "rf_200": -0.13019660794466348,
    "gbm": -0.19214153013474733,
    "n_rows": 103,
    "n_pools": 26
  },
  "ece__vs__n_rank": {
    "ridge": 0.35034366883253387,
    "rf_50": 0.42767933663758906,
    "rf_200": 0.4588610801123968,
    "gbm": 0.3746737511866326,
    "n_rows": 104,
    "n_pools": 26
  },
  "accuracy__vs__best_of_n": {
    "ridge": -0.16552028397114738,
    "rf_50": 0.46326837921369934,
    "rf_200": 0.28140963463925506,
    "gbm": 0.5251657423311828,
    "n_rows": 152,
    "n_pools": 38
  },
  "ece__vs__best_of_n": {
    "ridge": 0.24322856669368054,
    "rf_50": 0.5327548964172504,
    "rf_200": 0.5533163527144166,
    "gbm": 0.46370884254717026,
    "n_rows": 128,
    "n_pools": 32
  }
}