{
  "accuracy__best_of_n": {
    "r2_lopo": 0.19607653727099328,
    "r2_lopo_ci95": [
      -0.24754480757874198,
      0.40003722230481176
    ],
    "r2_is": 0.5089171178185596,
    "r2_is_ci95": [
      0.39284730375412613,
      0.6680058311238225
    ],
    "n_cells": 255,
    "n_pools": 62
  },
  "ece__best_of_n": {
    "r2_lopo": 0.27113404718712464,
    "r2_lopo_ci95": [
      -0.0815432666562115,
      0.38544271518808876
    ],
    "r2_is": 0.4261124540827992,
    "r2_is_ci95": [
      0.3775545109204312,
      0.5560591493438708
    ],
    "n_cells": 255,
    "n_pools": 62
  },
  "accuracy__n_rank": {
    "r2_lopo": 0.5974126687028667,
    "r2_lopo_ci95": [
      0.30252214076073275,
      0.7103027912122933
    ],
    "r2_is": 0.7220415750515068,
    "r2_is_ci95": [
      0.6594471729514972,
      0.8255216856009523
    ],
    "n_cells": 192,
    "n_pools": 48
  },
  "ece__n_rank": {
    "r2_lopo": -0.060580727455589845,
    "r2_lopo_ci95": [
      -0.9183137311655585,
      0.3695030321304233
    ],
    "r2_is": 0.45140485955546905,
    "r2_is_ci95": [
      0.38033387634629917,
      0.6428624663686751
    ],
    "n_cells": 192,
    "n_pools": 48
  }
}