{
  "pool_a_mnli_bert": {
    "n_total": 20,
    "n_test": 3926,
    "by_size": {
      "2": {
        "n_trials": 50,
        "acc_mean": 0.754375955170657,
        "acc_std": 0.002349678054483806,
        "ece_mean": 0.02632950655550478,
        "ece_std": 0.0034028443114145885
      },
      "3": {
        "n_trials": 50,
        "acc_mean": 0.7566836474783494,
        "acc_std": 0.0018478907508983633,
        "ece_mean": 0.024295067614095292,
        "ece_std": 0.0029929868017453598
      },
      "5": {
        "n_trials": 50,
        "acc_mean": 0.7588792664289352,
        "acc_std": 0.001980711054558096,
        "ece_mean": 0.023141197508776967,
        "ece_std": 0.0029607207782289917
      },
      "8": {
        "n_trials": 50,
        "acc_mean": 0.7602241467142129,
        "acc_std": 0.001421613433342856,
        "ece_mean": 0.021074711702881693,
        "ece_std": 0.0026152439702855886
      },
      "12": {
        "n_trials": 50,
        "acc_mean": 0.7606724401426389,
        "acc_std": 0.0012715215460365511,
        "ece_mean": 0.019534300466125497,
        "ece_std": 0.0023085146248013563
      },
      "16": {
        "n_trials": 50,
        "acc_mean": 0.7615435557819663,
        "acc_std": 0.0010645506362409146,
        "ece_mean": 0.019087522797480078,
        "ece_std": 0.0021852097471922525
      },
      "20": {
        "n_trials": 50,
        "acc_mean": 0.7618441161487519,
        "acc_std": 0.0,
        "ece_mean": 0.018307788071435623,
        "ece_std": 3.9758308172533425e-09
      }
    }
  },
  "pool_a_mnli_qwen25_05b": {
    "n_total": 20,
    "n_test": 3926,
    "by_size": {
      "2": {
        "n_trials": 50,
        "acc_mean": 0.8424961793173713,
        "acc_std": 0.0028257029876477616,
        "ece_mean": 0.04144590870342992,
        "ece_std": 0.004615783279777394
      },
      "3": {
        "n_trials": 50,
        "acc_mean": 0.8446255731023942,
        "acc_std": 0.0020617530662096956,
        "ece_mean": 0.037959155813201126,
        "ece_std": 0.003488999646606559
      },
      "5": {
        "n_trials": 50,
        "acc_mean": 0.8461029037187976,
        "acc_std": 0.0015684976381396566,
        "ece_mean": 0.036248596138754974,
        "ece_std": 0.003105345639820659
      },
      "8": {
        "n_trials": 50,
        "acc_mean": 0.8478909831889964,
        "acc_std": 0.0016299111504509555,
        "ece_mean": 0.03478505692309527,
        "ece_std": 0.0023198851571148756
      },
      "12": {
        "n_trials": 50,
        "acc_mean": 0.8496790626591952,
        "acc_std": 0.0014267156308519786,
        "ece_mean": 0.033900065580254844,
        "ece_std": 0.001593472595448553
      },
      "16": {
        "n_trials": 50,
        "acc_mean": 0.8502292409577176,
        "acc_std": 0.0009226067384755439,
        "ece_mean": 0.03320871466316256,
        "ece_std": 0.0015932646712681494
      },
      "20": {
        "n_trials": 50,
        "acc_mean": 0.8499745287824758,
        "acc_std": 0.0,
        "ece_mean": 0.032482104595983975,
        "ece_std": 5.094551777243699e-09
      }
    }
  },
  "pool_a_mnli_roberta_base": {
    "n_total": 20,
    "n_test": 3926,
    "by_size": {
      "2": {
        "n_trials": 50,
        "acc_mean": 0.8255068772287314,
        "acc_std": 0.0023885483992724605,
        "ece_mean": 0.0316946512979934,
        "ece_std": 0.0019537308582436423
      },
      "3": {
        "n_trials": 50,
        "acc_mean": 0.8266632705043301,
        "acc_std": 0.0020831905853869446,
        "ece_mean": 0.030895943387819078,
        "ece_std": 0.002519091347911918
      },
      "5": {
        "n_trials": 50,
        "acc_mean": 0.8275598573611818,
        "acc_std": 0.002010774768822277,
        "ece_mean": 0.030265050710796153,
        "ece_std": 0.0017902977388639947
      },
      "8": {
        "n_trials": 50,
        "acc_mean": 0.8278094752929189,
        "acc_std": 0.001662074526386132,
        "ece_mean": 0.02968305231901801,
        "ece_std": 0.001898358421956807
      },
      "12": {
        "n_trials": 50,
        "acc_mean": 0.8285787060621499,
        "acc_std": 0.0013017760916129092,
        "ece_mean": 0.029345953639405023,
        "ece_std": 0.0014840528438311296
      },
      "16": {
        "n_trials": 50,
        "acc_mean": 0.8287366276107997,
        "acc_std": 0.0012362229168459014,
        "ece_mean": 0.029664574292200405,
        "ece_std": 0.001491704056249186
      },
      "20": {
        "n_trials": 50,
        "acc_mean": 0.8293428425878757,
        "acc_std": 0.0,
        "ece_mean": 0.03032116960003493,
        "ece_std": 5.289133297216479e-09
      }
    }
  },
  "pool_a_mnli_tinyllama_11b": {
    "n_total": 13,
    "n_test": 3926,
    "by_size": {
      "2": {
        "n_trials": 50,
        "acc_mean": 0.8598777381558839,
        "acc_std": 0.0032305859227673163,
        "ece_mean": 0.05895271276796101,
        "ece_std": 0.004438440711074242
      },
      "3": {
        "n_trials": 50,
        "acc_mean": 0.8623841059602649,
        "acc_std": 0.0021408190879756966,
        "ece_mean": 0.057283645803929584,
        "ece_std": 0.0031543229363999387
      },
      "5": {
        "n_trials": 50,
        "acc_mean": 0.8649617931737139,
        "acc_std": 0.0025103613260792565,
        "ece_mean": 0.054931412652871214,
        "ece_std": 0.003094044745807561
      },
      "8": {
        "n_trials": 50,
        "acc_mean": 0.8670708099847174,
        "acc_std": 0.001460227379783917,
        "ece_mean": 0.052949746092302255,
        "ece_std": 0.0018825087994099026
      },
      "12": {
        "n_trials": 50,
        "acc_mean": 0.8677687213448801,
        "acc_std": 0.0004641356283196397,
        "ece_mean": 0.051462733516022686,
        "ece_std": 0.0003924607958183017
      }
    }
  }
}